Device,Start_Date,Start_Time,End_Date,End_Time,0
HK Apple Watch,8/19/21,22:01:13,8/19/21,22:01:13,0
HK Apple Watch,8/19/21,22:02:45,8/19/21,22:02:45,0
HK Apple Watch,8/19/21,22:04:07,8/19/21,22:04:07,0
HK Apple Watch,8/19/21,22:05:40,8/19/21,22:05:40,0
HK Apple Watch,8/19/21,22:09:05,8/19/21,22:09:05,0
HK Apple Watch,8/19/21,23:52:13,8/19/21,23:52:13,0
HK Apple Watch,8/19/21,23:49:08,8/19/21,23:49:08,0
HK Apple Watch,8/19/21,23:58:13,8/19/21,23:58:13,0
HK Apple Watch,8/19/21,22:42:40,8/19/21,22:42:40,0
HK Apple Watch,8/20/21,0:35:03,8/20/21,0:35:03,0
HK Apple Watch,8/20/21,1:07:04,8/20/21,1:07:04,0
HK Apple Watch,8/20/21,2:26:23,8/20/21,2:26:23,0
HK Apple Watch,8/20/21,2:04:07,8/20/21,2:04:07,0
HK Apple Watch,8/20/21,2:27:35,8/20/21,2:27:35,0
HK Apple Watch,8/20/21,2:30:40,8/20/21,2:30:40,0
HK Apple Watch,8/20/21,0:24:25,8/20/21,0:24:25,0
HK Apple Watch,8/20/21,3:10:55,8/20/21,3:10:55,0
HK Apple Watch,8/20/21,3:29:15,8/20/21,3:29:15,0
HK Apple Watch,8/20/21,4:36:45,8/20/21,4:36:45,0
HK Apple Watch,8/20/21,4:55:15,8/20/21,4:55:15,0
HK Apple Watch,8/20/21,4:55:25,8/20/21,4:55:25,0
HK Apple Watch,8/20/21,4:10:53,8/20/21,4:10:53,0
HK Apple Watch,8/20/21,4:24:45,8/20/21,4:24:45,0
HK Apple Watch,8/20/21,22:07:33,8/20/21,22:07:33,0
HK Apple Watch,8/20/21,23:53:14,8/20/21,23:53:14,0
HK Apple Watch,8/20/21,22:13:00,8/20/21,22:13:00,0
HK Apple Watch,8/20/21,23:56:18,8/20/21,23:56:18,0
HK Apple Watch,8/21/21,0:12:31,8/21/21,0:12:31,0
HK Apple Watch,8/21/21,22:14:00,8/21/21,22:14:00,0
HK Apple Watch,8/21/21,22:16:43,8/21/21,22:16:43,0
HK Apple Watch,8/21/21,22:57:01,8/21/21,22:57:01,0
HK Apple Watch,8/21/21,22:54:17,8/21/21,22:54:17,0
HK Apple Watch,8/21/21,23:14:57,8/21/21,23:14:57,0
HK Apple Watch,8/21/21,23:20:24,8/21/21,23:20:24,0
HK Apple Watch,8/22/21,0:25:17,8/22/21,0:25:17,0
HK Apple Watch,8/21/21,23:43:38,8/21/21,23:43:38,0
HK Apple Watch,8/22/21,1:17:42,8/22/21,1:17:42,0
HK Apple Watch,8/21/21,23:28:16,8/21/21,23:28:16,0
HK Apple Watch,8/22/21,1:20:57,8/22/21,1:20:57,0
HK Apple Watch,8/22/21,2:03:17,8/22/21,2:03:17,0
HK Apple Watch,8/22/21,2:24:58,8/22/21,2:24:58,0
HK Apple Watch,8/22/21,2:57:54,8/22/21,2:57:54,0
HK Apple Watch,8/22/21,3:00:49,8/22/21,3:00:49,0
HK Apple Watch,8/22/21,2:40:40,8/22/21,2:40:40,0
HK Apple Watch,8/22/21,3:20:06,8/22/21,3:20:06,0
HK Apple Watch,8/22/21,3:19:25,8/22/21,3:19:25,0
HK Apple Watch,8/22/21,3:21:38,8/22/21,3:21:38,0
HK Apple Watch,8/22/21,3:30:21,8/22/21,3:30:21,0
HK Apple Watch,8/22/21,3:30:31,8/22/21,3:30:31,0
HK Apple Watch,8/22/21,3:40:25,8/22/21,3:40:25,0
HK Apple Watch,8/22/21,3:44:31,8/22/21,3:44:31,0
HK Apple Watch,8/22/21,3:52:22,8/22/21,3:52:22,0
HK Apple Watch,8/22/21,3:35:28,8/22/21,3:35:28,0
HK Apple Watch,8/22/21,4:04:19,8/22/21,4:04:19,0
HK Apple Watch,8/22/21,4:00:13,8/22/21,4:00:13,0
HK Apple Watch,8/22/21,4:16:26,8/22/21,4:16:26,0
HK Apple Watch,8/22/21,5:11:14,8/22/21,5:11:14,0
HK Apple Watch,8/22/21,5:22:10,8/22/21,5:22:10,0
HK Apple Watch,8/22/21,5:28:08,8/22/21,5:28:08,0
HK Apple Watch,8/22/21,5:31:12,8/22/21,5:31:12,0
HK Apple Watch,8/22/21,5:43:09,8/22/21,5:43:09,0
HK Apple Watch,8/22/21,22:34:47,8/22/21,22:34:47,0
HK Apple Watch,8/22/21,23:20:41,8/22/21,23:20:41,0
HK Apple Watch,8/22/21,23:32:41,8/22/21,23:32:41,0
HK Apple Watch,8/22/21,23:30:58,8/22/21,23:30:58,0
HK Apple Watch,8/22/21,23:35:04,8/22/21,23:35:04,0
HK Apple Watch,8/22/21,23:50:30,8/22/21,23:50:30,0
HK Apple Watch,8/23/21,0:35:22,8/23/21,0:35:22,0
HK Apple Watch,8/23/21,1:26:05,8/23/21,1:26:05,0
HK Apple Watch,8/23/21,1:05:11,8/23/21,1:05:11,0
HK Apple Watch,8/23/21,1:36:42,8/23/21,1:36:42,0
HK Apple Watch,8/23/21,1:32:15,8/23/21,1:32:15,0
HK Apple Watch,8/23/21,2:33:55,8/23/21,2:33:55,0
HK Apple Watch,8/23/21,3:30:57,8/23/21,3:30:57,0
HK Apple Watch,8/23/21,2:53:57,8/23/21,2:53:57,0
HK Apple Watch,8/23/21,4:37:05,8/23/21,4:37:05,0
HK Apple Watch,8/23/21,4:42:44,8/23/21,4:42:44,0
HK Apple Watch,8/23/21,3:28:23,8/23/21,3:28:23,0
HK Apple Watch,8/23/21,4:49:55,8/23/21,4:49:55,0
HK Apple Watch,8/23/21,4:39:28,8/23/21,4:39:28,0
HK Apple Watch,8/23/21,4:59:10,8/23/21,4:59:10,0
HK Apple Watch,8/23/21,4:55:14,8/23/21,4:55:14,0
HK Apple Watch,8/23/21,5:10:08,8/23/21,5:10:08,0
HK Apple Watch,8/23/21,5:11:20,8/23/21,5:11:20,0
HK Apple Watch,8/23/21,5:12:53,8/23/21,5:12:53,0
HK Apple Watch,8/23/21,5:14:25,8/23/21,5:14:25,0
HK Apple Watch,8/23/21,5:15:58,8/23/21,5:15:58,0
HK Apple Watch,8/23/21,22:05:28,8/23/21,22:05:28,0
HK Apple Watch,8/23/21,22:22:36,8/23/21,22:22:36,0
HK Apple Watch,8/23/21,22:46:14,8/23/21,22:46:14,0
HK Apple Watch,8/23/21,22:40:04,8/23/21,22:40:04,0
HK Apple Watch,8/23/21,22:51:02,8/23/21,22:51:02,0
HK Apple Watch,8/23/21,22:57:53,8/23/21,22:57:53,0
HK Apple Watch,8/23/21,23:00:58,8/23/21,23:00:58,0
HK Apple Watch,8/23/21,22:51:12,8/23/21,22:51:12,0
HK Apple Watch,8/23/21,23:09:22,8/23/21,23:09:22,0
HK Apple Watch,8/23/21,23:28:22,8/23/21,23:28:22,0
HK Apple Watch,8/23/21,23:50:38,8/23/21,23:50:38,0
HK Apple Watch,8/23/21,23:54:04,8/23/21,23:54:04,0
HK Apple Watch,8/23/21,23:59:43,8/23/21,23:59:43,0
HK Apple Watch,8/24/21,0:02:28,8/24/21,0:02:28,0
HK Apple Watch,8/24/21,0:06:55,8/24/21,0:06:55,0
HK Apple Watch,8/24/21,0:09:19,8/24/21,0:09:19,0
HK Apple Watch,8/24/21,0:24:34,8/24/21,0:24:34,0
HK Apple Watch,8/24/21,0:12:34,8/24/21,0:12:34,0
HK Apple Watch,8/24/21,2:05:27,8/24/21,2:05:27,0
HK Apple Watch,8/24/21,2:34:04,8/24/21,2:34:04,0
HK Apple Watch,8/24/21,3:48:35,8/24/21,3:48:35,0
HK Apple Watch,8/24/21,3:32:49,8/24/21,3:32:49,0
HK Apple Watch,8/24/21,3:21:52,8/24/21,3:21:52,0
HK Apple Watch,8/24/21,3:59:12,8/24/21,3:59:12,0
HK Apple Watch,8/24/21,3:53:23,8/24/21,3:53:23,0
HK Apple Watch,8/24/21,4:18:23,8/24/21,4:18:23,0
HK Apple Watch,8/24/21,4:19:46,8/24/21,4:19:46,0
HK Apple Watch,8/24/21,4:23:32,8/24/21,4:23:32,0
HK Apple Watch,8/24/21,4:27:49,8/24/21,4:27:49,0
HK Apple Watch,8/24/21,4:37:34,8/24/21,4:37:34,0
HK Apple Watch,8/24/21,4:39:27,8/24/21,4:39:27,0
HK Apple Watch,8/24/21,4:56:25,8/24/21,4:56:25,0
HK Apple Watch,8/24/21,4:43:55,8/24/21,4:43:55,0
HK Apple Watch,8/24/21,5:01:23,8/24/21,5:01:23,0
HK Apple Watch,8/24/21,5:02:55,8/24/21,5:02:55,0
HK Apple Watch,8/24/21,4:58:08,8/24/21,4:58:08,0
HK Apple Watch,8/24/21,5:04:28,8/24/21,5:04:28,0
HK Apple Watch,8/24/21,5:06:42,8/24/21,5:06:42,0
HK Apple Watch,8/24/21,5:15:05,8/24/21,5:15:05,0
HK Apple Watch,8/24/21,5:17:39,8/24/21,5:17:39,0
HK Apple Watch,8/24/21,5:45:24,8/24/21,5:45:24,0
HK Apple Watch,8/24/21,5:57:54,8/24/21,5:57:54,0
HK Apple Watch,8/24/21,5:47:07,8/24/21,5:47:07,0
HK Apple Watch,8/24/21,22:50:06,8/24/21,22:50:06,0
HK Apple Watch,8/24/21,23:04:16,8/24/21,23:04:16,0
HK Apple Watch,8/24/21,23:09:54,8/24/21,23:09:54,0
HK Apple Watch,8/24/21,23:12:38,8/24/21,23:12:38,0
HK Apple Watch,8/24/21,23:21:51,8/24/21,23:21:51,0
HK Apple Watch,8/24/21,23:43:11,8/24/21,23:43:11,0
HK Apple Watch,8/24/21,23:22:52,8/24/21,23:22:52,0
HK Apple Watch,8/24/21,23:24:45,8/24/21,23:24:45,0
HK Apple Watch,8/24/21,23:53:46,8/24/21,23:53:46,0
HK Apple Watch,8/24/21,23:44:43,8/24/21,23:44:43,0
HK Apple Watch,8/25/21,0:02:18,8/25/21,0:02:18,0
HK Apple Watch,8/25/21,0:06:55,8/25/21,0:06:55,0
HK Apple Watch,8/25/21,0:19:53,8/25/21,0:19:53,0
HK Apple Watch,8/25/21,0:08:37,8/25/21,0:08:37,0
HK Apple Watch,8/25/21,0:25:11,8/25/21,0:25:11,0
HK Apple Watch,8/25/21,0:28:56,8/25/21,0:28:56,0
HK Apple Watch,8/25/21,0:26:43,8/25/21,0:26:43,0
HK Apple Watch,8/25/21,0:37:08,8/25/21,0:37:08,0
HK Apple Watch,8/25/21,0:37:18,8/25/21,0:37:18,0
HK Apple Watch,8/25/21,0:35:36,8/25/21,0:35:36,0
HK Apple Watch,8/25/21,2:20:34,8/25/21,2:20:34,0
HK Apple Watch,8/25/21,1:50:11,8/25/21,1:50:11,0
HK Apple Watch,8/25/21,3:20:18,8/25/21,3:20:18,0
HK Apple Watch,8/25/21,2:31:50,8/25/21,2:31:50,0
HK Apple Watch,8/25/21,3:31:55,8/25/21,3:31:55,0
HK Apple Watch,8/25/21,3:41:49,8/25/21,3:41:49,0
HK Apple Watch,8/25/21,3:42:50,8/25/21,3:42:50,0
HK Apple Watch,8/25/21,3:58:12,8/25/21,3:58:12,0
HK Apple Watch,8/25/21,3:49:30,8/25/21,3:49:30,0
HK Apple Watch,8/25/21,4:25:51,8/25/21,4:25:51,0
HK Apple Watch,8/25/21,4:27:23,8/25/21,4:27:23,0
HK Apple Watch,8/25/21,4:55:13,8/25/21,4:55:13,0
HK Apple Watch,8/25/21,4:59:39,8/25/21,4:59:39,0
HK Apple Watch,8/25/21,5:02:43,8/25/21,5:02:43,0
HK Apple Watch,8/25/21,5:26:47,8/25/21,5:26:47,0
HK Apple Watch,8/25/21,22:07:20,8/25/21,22:07:20,0
HK Apple Watch,8/25/21,22:18:08,8/25/21,22:18:08,0
HK Apple Watch,8/26/21,0:08:06,8/26/21,0:08:06,0
HK Apple Watch,8/26/21,0:26:37,8/26/21,0:26:37,0
HK Apple Watch,8/26/21,0:23:01,8/26/21,0:23:01,0
HK Apple Watch,8/26/21,1:06:11,8/26/21,1:06:11,0
HK Apple Watch,8/26/21,1:10:28,8/26/21,1:10:28,0
HK Apple Watch,8/26/21,1:15:16,8/26/21,1:15:16,0
HK Apple Watch,8/26/21,1:18:41,8/26/21,1:18:41,0
HK Apple Watch,8/26/21,1:24:51,8/26/21,1:24:51,0
HK Apple Watch,8/26/21,2:37:50,8/26/21,2:37:50,0
HK Apple Watch,8/26/21,2:56:51,8/26/21,2:56:51,0
HK Apple Watch,8/26/21,3:18:46,8/26/21,3:18:46,0
HK Apple Watch,8/26/21,3:25:58,8/26/21,3:25:58,0
HK Apple Watch,8/26/21,3:23:13,8/26/21,3:23:13,0
HK Apple Watch,8/26/21,3:41:33,8/26/21,3:41:33,0
HK Apple Watch,8/26/21,3:45:40,8/26/21,3:45:40,0
HK Apple Watch,8/29/21,22:01:44,8/29/21,22:01:44,0
HK Apple Watch,8/29/21,22:10:18,8/29/21,22:10:18,0
HK Apple Watch,8/29/21,22:13:43,8/29/21,22:13:43,0
HK Apple Watch,8/30/21,23:58:39,8/30/21,23:58:39,0
HK Apple Watch,8/30/21,23:59:10,8/30/21,23:59:10,0
HK Apple Watch,8/31/21,0:04:38,8/31/21,0:04:38,0
HK Apple Watch,8/31/21,0:34:41,8/31/21,0:34:41,0
HK Apple Watch,8/31/21,0:41:21,8/31/21,0:41:21,0
HK Apple Watch,8/31/21,0:42:32,8/31/21,0:42:32,0
HK Apple Watch,8/31/21,1:02:51,8/31/21,1:02:51,0
HK Apple Watch,8/31/21,1:38:01,8/31/21,1:38:01,0
HK Apple Watch,8/31/21,2:17:07,8/31/21,2:17:07,0
HK Apple Watch,8/31/21,2:59:37,8/31/21,2:59:37,0
HK Apple Watch,8/31/21,2:11:49,8/31/21,2:11:49,0
HK Apple Watch,8/31/21,1:35:07,8/31/21,1:35:07,0
HK Apple Watch,8/31/21,3:01:40,8/31/21,3:01:40,0
HK Apple Watch,8/31/21,4:06:01,8/31/21,4:06:01,0
HK Apple Watch,8/31/21,4:52:27,8/31/21,4:52:27,0
HK Apple Watch,8/31/21,5:07:49,8/31/21,5:07:49,0
HK Apple Watch,8/31/21,4:33:10,8/31/21,4:33:10,0
HK Apple Watch,8/31/21,5:20:27,8/31/21,5:20:27,0
HK Apple Watch,8/31/21,5:25:44,8/31/21,5:25:44,0
HK Apple Watch,8/31/21,5:28:38,8/31/21,5:28:38,0
HK Apple Watch,8/31/21,5:39:03,8/31/21,5:39:03,0
HK Apple Watch,8/31/21,5:49:38,8/31/21,5:49:38,0
HK Apple Watch,8/31/21,5:57:09,8/31/21,5:57:09,0
HK Apple Watch,8/31/21,5:23:11,8/31/21,5:23:11,0
HK Apple Watch,8/31/21,22:11:43,8/31/21,22:11:43,0
HK Apple Watch,8/31/21,22:43:49,8/31/21,22:43:49,0
HK Apple Watch,9/1/21,0:04:03,9/1/21,0:04:03,0
HK Apple Watch,9/1/21,0:03:02,9/1/21,0:03:02,0
HK Apple Watch,9/1/21,0:23:31,9/1/21,0:23:31,0
HK Apple Watch,9/1/21,1:26:40,9/1/21,1:26:40,0
HK Apple Watch,9/1/21,0:32:33,9/1/21,0:32:33,0
HK Apple Watch,8/31/21,23:53:07,8/31/21,23:53:07,0
HK Apple Watch,9/1/21,2:15:50,9/1/21,2:15:50,0
HK Apple Watch,9/1/21,2:20:06,9/1/21,2:20:06,0
HK Apple Watch,9/1/21,23:06:33,9/1/21,23:06:33,0
HK Apple Watch,9/1/21,22:05:44,9/1/21,22:05:44,0
HK Apple Watch,9/1/21,23:35:20,9/1/21,23:35:20,0
HK Apple Watch,9/1/21,23:13:14,9/1/21,23:13:14,0
HK Apple Watch,9/1/21,23:57:46,9/1/21,23:57:46,0
HK Apple Watch,9/1/21,23:36:42,9/1/21,23:36:42,0
HK Apple Watch,9/1/21,23:53:19,9/1/21,23:53:19,0
HK Apple Watch,9/2/21,0:01:53,9/2/21,0:01:53,0
HK Apple Watch,9/2/21,0:03:05,9/2/21,0:03:05,0
HK Apple Watch,9/2/21,0:07:22,9/2/21,0:07:22,0
HK Apple Watch,9/2/21,0:14:54,9/2/21,0:14:54,0
HK Apple Watch,9/2/21,0:12:30,9/2/21,0:12:30,0
HK Apple Watch,9/2/21,0:19:32,9/2/21,0:19:32,0
HK Apple Watch,9/2/21,0:25:42,9/2/21,0:25:42,0
HK Apple Watch,9/2/21,0:31:52,9/2/21,0:31:52,0
HK Apple Watch,9/2/21,0:36:19,9/2/21,0:36:19,0
HK Apple Watch,9/2/21,0:30:29,9/2/21,0:30:29,0
HK Apple Watch,9/2/21,0:51:54,9/2/21,0:51:54,0
HK Apple Watch,9/2/21,1:04:04,9/2/21,1:04:04,0
HK Apple Watch,9/2/21,0:59:57,9/2/21,0:59:57,0
HK Apple Watch,9/2/21,0:53:37,9/2/21,0:53:37,0
HK Apple Watch,9/2/21,1:07:50,9/2/21,1:07:50,0
HK Apple Watch,9/2/21,1:24:06,9/2/21,1:24:06,0
HK Apple Watch,9/2/21,1:29:25,9/2/21,1:29:25,0
HK Apple Watch,9/2/21,1:38:40,9/2/21,1:38:40,0
HK Apple Watch,9/2/21,1:43:17,9/2/21,1:43:17,0
HK Apple Watch,9/2/21,3:58:27,9/2/21,3:58:27,0
HK Apple Watch,9/2/21,2:26:48,9/2/21,2:26:48,0
HK Apple Watch,9/2/21,2:02:18,9/2/21,2:02:18,0
HK Apple Watch,9/2/21,4:04:37,9/2/21,4:04:37,0
HK Apple Watch,9/2/21,4:03:04,9/2/21,4:03:04,0
HK Apple Watch,9/2/21,4:54:17,9/2/21,4:54:17,0
HK Apple Watch,9/2/21,5:53:44,9/2/21,5:53:44,0
HK Apple Watch,9/2/21,4:27:13,9/2/21,4:27:13,0
HK Apple Watch,9/5/21,23:19:27,9/5/21,23:19:27,0
HK Apple Watch,9/5/21,23:20:59,9/5/21,23:20:59,0
HK Apple Watch,9/5/21,23:38:14,9/5/21,23:38:14,0
HK Apple Watch,9/5/21,23:46:46,9/5/21,23:46:46,0
HK Apple Watch,9/5/21,23:33:57,9/5/21,23:33:57,0
HK Apple Watch,9/5/21,23:49:30,9/5/21,23:49:30,0
HK Apple Watch,9/5/21,23:46:56,9/5/21,23:46:56,0
HK Apple Watch,9/5/21,23:54:47,9/5/21,23:54:47,0
HK Apple Watch,9/6/21,0:00:15,9/6/21,0:00:15,0
HK Apple Watch,9/6/21,0:03:40,9/6/21,0:03:40,0
HK Apple Watch,9/6/21,0:22:06,9/6/21,0:22:06,0
HK Apple Watch,9/6/21,0:05:53,9/6/21,0:05:53,0
HK Apple Watch,9/6/21,0:23:28,9/6/21,0:23:28,0
HK Apple Watch,9/6/21,0:35:46,9/6/21,0:35:46,0
HK Apple Watch,9/6/21,0:42:26,9/6/21,0:42:26,0
HK Apple Watch,9/6/21,1:17:46,9/6/21,1:17:46,0
HK Apple Watch,9/6/21,1:08:43,9/6/21,1:08:43,0
HK Apple Watch,9/6/21,1:25:27,9/6/21,1:25:27,0
HK Apple Watch,9/6/21,1:30:03,9/6/21,1:30:03,0
HK Apple Watch,9/6/21,1:27:30,9/6/21,1:27:30,0
HK Apple Watch,9/6/21,1:34:50,9/6/21,1:34:50,0
HK Apple Watch,9/6/21,1:43:53,9/6/21,1:43:53,0
HK Apple Watch,9/6/21,1:52:04,9/6/21,1:52:04,0
HK Apple Watch,9/6/21,1:48:50,9/6/21,1:48:50,0
HK Apple Watch,9/6/21,2:03:51,9/6/21,2:03:51,0
HK Apple Watch,9/6/21,2:11:42,9/6/21,2:11:42,0
HK Apple Watch,9/6/21,2:28:57,9/6/21,2:28:57,0
HK Apple Watch,9/6/21,2:16:09,9/6/21,2:16:09,0
HK Apple Watch,9/6/21,2:35:05,9/6/21,2:35:05,0
HK Apple Watch,9/6/21,2:54:13,9/6/21,2:54:13,0
HK Apple Watch,9/6/21,2:51:18,9/6/21,2:51:18,0
HK Apple Watch,9/6/21,2:37:49,9/6/21,2:37:49,0
HK Apple Watch,9/6/21,3:04:37,9/6/21,3:04:37,0
HK Apple Watch,9/6/21,3:14:01,9/6/21,3:14:01,0
HK Apple Watch,9/6/21,4:18:42,9/6/21,4:18:42,0
HK Apple Watch,9/6/21,4:43:37,9/6/21,4:43:37,0
HK Apple Watch,9/6/21,4:35:46,9/6/21,4:35:46,0
HK Apple Watch,9/6/21,4:45:10,9/6/21,4:45:10,0
HK Apple Watch,9/6/21,5:41:19,9/6/21,5:41:19,0
HK Apple Watch,9/6/21,5:53:36,9/6/21,5:53:36,0
HK Apple Watch,9/6/21,5:45:15,9/6/21,5:45:15,0
HK Apple Watch,9/6/21,4:55:14,9/6/21,4:55:14,0
HK Apple Watch,9/6/21,5:54:58,9/6/21,5:54:58,0
HK Apple Watch,9/6/21,22:16:33,9/6/21,22:16:33,0
HK Apple Watch,9/6/21,22:44:32,9/6/21,22:44:32,0
HK Apple Watch,9/7/21,2:09:12,9/7/21,2:09:12,0
HK Apple Watch,9/7/21,2:07:40,9/7/21,2:07:40,0
HK Apple Watch,9/7/21,2:36:20,9/7/21,2:36:20,0
HK Apple Watch,9/7/21,2:20:18,9/7/21,2:20:18,0
HK Apple Watch,9/7/21,2:55:48,9/7/21,2:55:48,0
HK Apple Watch,9/7/21,3:04:10,9/7/21,3:04:10,0
HK Apple Watch,9/7/21,3:04:20,9/7/21,3:04:20,0
HK Apple Watch,9/7/21,3:05:31,9/7/21,3:05:31,0
HK Apple Watch,9/7/21,3:07:45,9/7/21,3:07:45,0
HK Apple Watch,9/7/21,3:10:39,9/7/21,3:10:39,0
HK Apple Watch,9/7/21,3:27:43,9/7/21,3:27:43,0
HK Apple Watch,9/7/21,3:27:53,9/7/21,3:27:53,0
HK Apple Watch,9/7/21,5:20:12,9/7/21,5:20:12,0
HK Apple Watch,9/7/21,4:51:21,9/7/21,4:51:21,0
HK Apple Watch,9/7/21,22:08:19,9/7/21,22:08:19,0
HK Apple Watch,9/7/21,22:48:24,9/7/21,22:48:24,0
HK Apple Watch,9/7/21,23:20:37,9/7/21,23:20:37,0
HK Apple Watch,9/7/21,23:46:18,9/7/21,23:46:18,0
HK Apple Watch,9/7/21,23:26:26,9/7/21,23:26:26,0
HK Apple Watch,9/7/21,22:50:28,9/7/21,22:50:28,0
HK Apple Watch,9/8/21,1:12:59,9/8/21,1:12:59,0
HK Apple Watch,9/8/21,1:14:32,9/8/21,1:14:32,0
HK Apple Watch,9/8/21,1:17:06,9/8/21,1:17:06,0
HK Apple Watch,9/8/21,1:37:29,9/8/21,1:37:29,0
HK Apple Watch,9/8/21,1:18:28,9/8/21,1:18:28,0
HK Apple Watch,9/8/21,1:15:13,9/8/21,1:15:13,0
HK Apple Watch,9/8/21,2:03:52,9/8/21,2:03:52,0
HK Apple Watch,9/8/21,1:47:25,9/8/21,1:47:25,0
HK Apple Watch,9/8/21,2:07:07,9/8/21,2:07:07,0
HK Apple Watch,9/8/21,2:20:59,9/8/21,2:20:59,0
HK Apple Watch,9/8/21,2:25:37,9/8/21,2:25:37,0
HK Apple Watch,9/8/21,3:44:04,9/8/21,3:44:04,0
HK Apple Watch,9/8/21,2:29:33,9/8/21,2:29:33,0
HK Apple Watch,9/8/21,4:08:24,9/8/21,4:08:24,0
HK Apple Watch,9/8/21,4:09:46,9/8/21,4:09:46,0
HK Apple Watch,9/8/21,4:32:33,9/8/21,4:32:33,0
HK Apple Watch,9/8/21,4:34:26,9/8/21,4:34:26,0
HK Apple Watch,9/8/21,4:46:05,9/8/21,4:46:05,0
HK Apple Watch,9/8/21,4:41:58,9/8/21,4:41:58,0
HK Apple Watch,9/8/21,5:00:08,9/8/21,5:00:08,0
HK Apple Watch,9/8/21,4:50:01,9/8/21,4:50:01,0
HK Apple Watch,9/8/21,22:05:55,9/8/21,22:05:55,0
HK Apple Watch,9/8/21,22:00:36,9/8/21,22:00:36,0
HK Apple Watch,9/8/21,22:08:29,9/8/21,22:08:29,0
HK Apple Watch,9/8/21,23:43:03,9/8/21,23:43:03,0
HK Apple Watch,9/8/21,23:59:19,9/8/21,23:59:19,0
HK Apple Watch,9/8/21,23:32:25,9/8/21,23:32:25,0
HK Apple Watch,9/9/21,0:20:13,9/9/21,0:20:13,0
HK Apple Watch,9/9/21,1:08:31,9/9/21,1:08:31,0
HK Apple Watch,9/9/21,1:25:19,9/9/21,1:25:19,0
HK Apple Watch,9/9/21,0:37:11,9/9/21,0:37:11,0
HK Apple Watch,9/9/21,1:29:05,9/9/21,1:29:05,0
HK Apple Watch,9/9/21,1:33:52,9/9/21,1:33:52,0
HK Apple Watch,9/9/21,1:52:43,9/9/21,1:52:43,0
HK Apple Watch,9/9/21,1:54:57,9/9/21,1:54:57,0
HK Apple Watch,9/9/21,1:59:24,9/9/21,1:59:24,0
HK Apple Watch,9/9/21,2:15:50,9/9/21,2:15:50,0
HK Apple Watch,9/9/21,2:14:28,9/9/21,2:14:28,0
HK Apple Watch,9/9/21,2:18:25,9/9/21,2:18:25,0
HK Apple Watch,9/9/21,2:31:36,9/9/21,2:31:36,0
HK Apple Watch,9/9/21,2:34:51,9/9/21,2:34:51,0
HK Apple Watch,9/9/21,2:26:07,9/9/21,2:26:07,0
HK Apple Watch,9/9/21,2:36:44,9/9/21,2:36:44,0
HK Apple Watch,9/9/21,2:38:27,9/9/21,2:38:27,0
HK Apple Watch,9/9/21,3:08:36,9/9/21,3:08:36,0
HK Apple Watch,9/9/21,3:57:14,9/9/21,3:57:14,0
HK Apple Watch,9/9/21,4:05:17,9/9/21,4:05:17,0
HK Apple Watch,9/9/21,2:58:40,9/9/21,2:58:40,0
HK Apple Watch,9/9/21,4:08:02,9/9/21,4:08:02,0
HK Apple Watch,9/9/21,4:06:40,9/9/21,4:06:40,0
HK Apple Watch,9/9/21,22:02:20,9/9/21,22:02:20,0
HK Apple Watch,9/9/21,22:07:07,9/9/21,22:07:07,0
HK Apple Watch,9/9/21,22:03:42,9/9/21,22:03:42,0
HK Apple Watch,9/9/21,22:08:39,9/9/21,22:08:39,0
HK Apple Watch,9/9/21,22:29:39,9/9/21,22:29:39,0
HK Apple Watch,9/9/21,22:55:04,9/9/21,22:55:04,0
HK Apple Watch,9/9/21,23:18:27,9/9/21,23:18:27,0
HK Apple Watch,9/9/21,23:29:02,9/9/21,23:29:02,0
HK Apple Watch,9/9/21,23:24:57,9/9/21,23:24:57,0
HK Apple Watch,9/9/21,23:38:56,9/9/21,23:38:56,0
HK Apple Watch,9/9/21,23:20:20,9/9/21,23:20:20,0
HK Apple Watch,9/9/21,23:43:43,9/9/21,23:43:43,0
HK Apple Watch,9/9/21,23:42:42,9/9/21,23:42:42,0
HK Apple Watch,9/9/21,23:39:58,9/9/21,23:39:58,0
HK Apple Watch,9/9/21,23:49:52,9/9/21,23:49:52,0
HK Apple Watch,9/9/21,23:55:30,9/9/21,23:55:30,0
HK Apple Watch,9/9/21,23:58:24,9/9/21,23:58:24,0
HK Apple Watch,9/10/21,0:01:08,9/10/21,0:01:08,0
HK Apple Watch,9/10/21,0:18:33,9/10/21,0:18:33,0
HK Apple Watch,9/10/21,0:16:19,9/10/21,0:16:19,0
HK Apple Watch,9/10/21,0:23:40,9/10/21,0:23:40,0
HK Apple Watch,9/10/21,0:31:31,9/10/21,0:31:31,0
HK Apple Watch,9/10/21,0:45:00,9/10/21,0:45:00,0
HK Apple Watch,9/10/21,1:42:52,9/10/21,1:42:52,0
HK Apple Watch,9/10/21,0:59:51,9/10/21,0:59:51,0
HK Apple Watch,9/10/21,2:32:43,9/10/21,2:32:43,0
HK Apple Watch,9/10/21,1:58:34,9/10/21,1:58:34,0
HK Apple Watch,9/10/21,3:01:33,9/10/21,3:01:33,0
HK Apple Watch,9/10/21,3:22:43,9/10/21,3:22:43,0
HK Apple Watch,9/10/21,3:15:13,9/10/21,3:15:13,0
HK Apple Watch,9/10/21,3:26:08,9/10/21,3:26:08,0
HK Apple Watch,9/10/21,4:16:50,9/10/21,4:16:50,0
HK Apple Watch,9/10/21,4:52:00,9/10/21,4:52:00,0
HK Apple Watch,9/10/21,5:40:38,9/10/21,5:40:38,0
HK Apple Watch,9/10/21,5:32:17,9/10/21,5:32:17,0
HK Apple Watch,9/10/21,22:32:20,9/10/21,22:32:20,0
HK Apple Watch,9/10/21,22:41:02,9/10/21,22:41:02,0
HK Apple Watch,9/10/21,23:04:05,9/10/21,23:04:05,0
HK Apple Watch,9/10/21,22:51:27,9/10/21,22:51:27,0
HK Apple Watch,9/10/21,23:09:32,9/10/21,23:09:32,0
HK Apple Watch,9/10/21,23:20:58,9/10/21,23:20:58,0
HK Apple Watch,9/10/21,23:24:13,9/10/21,23:24:13,0
HK Apple Watch,9/10/21,23:36:30,9/10/21,23:36:30,0
HK Apple Watch,9/10/21,23:29:00,9/10/21,23:29:00,0
HK Apple Watch,9/10/21,23:50:10,9/10/21,23:50:10,0
HK Apple Watch,9/10/21,23:53:04,9/10/21,23:53:04,0
HK Apple Watch,9/10/21,23:55:27,9/10/21,23:55:27,0
HK Apple Watch,9/11/21,0:02:48,9/11/21,0:02:48,0
HK Apple Watch,9/11/21,0:10:49,9/11/21,0:10:49,0
HK Apple Watch,9/11/21,0:16:17,9/11/21,0:16:17,0
HK Apple Watch,9/11/21,0:19:11,9/11/21,0:19:11,0
HK Apple Watch,9/11/21,0:33:21,9/11/21,0:33:21,0
HK Apple Watch,9/11/21,0:33:11,9/11/21,0:33:11,0
HK Apple Watch,9/11/21,0:46:09,9/11/21,0:46:09,0
HK Apple Watch,9/11/21,0:47:21,9/11/21,0:47:21,0
HK Apple Watch,9/11/21,0:48:32,9/11/21,0:48:32,0
HK Apple Watch,9/11/21,0:58:57,9/11/21,0:58:57,0
HK Apple Watch,9/11/21,1:01:00,9/11/21,1:01:00,0
HK Apple Watch,9/11/21,1:03:03,9/11/21,1:03:03,0
HK Apple Watch,9/11/21,1:02:02,9/11/21,1:02:02,0
HK Apple Watch,9/11/21,1:14:50,9/11/21,1:14:50,0
HK Apple Watch,9/11/21,1:04:56,9/11/21,1:04:56,0
HK Apple Watch,9/11/21,1:22:30,9/11/21,1:22:30,0
HK Apple Watch,9/11/21,1:25:55,9/11/21,1:25:55,0
HK Apple Watch,9/11/21,1:32:04,9/11/21,1:32:04,0
HK Apple Watch,9/11/21,1:26:46,9/11/21,1:26:46,0
HK Apple Watch,9/11/21,1:33:46,9/11/21,1:33:46,0
HK Apple Watch,9/11/21,2:02:06,9/11/21,2:02:06,0
HK Apple Watch,9/11/21,2:37:37,9/11/21,2:37:37,0
HK Apple Watch,9/11/21,2:07:03,9/11/21,2:07:03,0
HK Apple Watch,9/11/21,2:45:58,9/11/21,2:45:58,0
HK Apple Watch,9/11/21,2:52:58,9/11/21,2:52:58,0
HK Apple Watch,9/11/21,3:02:42,9/11/21,3:02:42,0
HK Apple Watch,9/11/21,4:23:36,9/11/21,4:23:36,0
HK Apple Watch,9/11/21,3:45:22,9/11/21,3:45:22,0
HK Apple Watch,9/11/21,4:07:54,9/11/21,4:07:54,0
HK Apple Watch,9/11/21,5:53:23,9/11/21,5:53:23,0
HK Apple Watch,9/11/21,4:26:30,9/11/21,4:26:30,0
HK Apple Watch,9/11/21,5:55:06,9/11/21,5:55:06,0
HK Apple Watch,9/11/21,22:56:22,9/11/21,22:56:22,0
HK Apple Watch,9/11/21,22:23:46,9/11/21,22:23:46,0
HK Apple Watch,9/11/21,23:18:34,9/11/21,23:18:34,0
HK Apple Watch,9/11/21,23:11:03,9/11/21,23:11:03,0
HK Apple Watch,9/11/21,23:04:03,9/11/21,23:04:03,0
HK Apple Watch,9/12/21,22:49:21,9/12/21,22:49:21,0
HK Apple Watch,9/12/21,22:43:33,9/12/21,22:43:33,0
HK Apple Watch,9/12/21,23:00:57,9/12/21,23:00:57,0
HK Apple Watch,9/12/21,23:19:03,9/12/21,23:19:03,0
HK Apple Watch,9/12/21,23:23:40,9/12/21,23:23:40,0
HK Apple Watch,9/12/21,22:27:51,9/12/21,22:27:51,0
HK Apple Watch,9/12/21,23:24:51,9/12/21,23:24:51,0
HK Apple Watch,9/13/21,0:45:14,9/13/21,0:45:14,0
HK Apple Watch,9/13/21,0:38:45,9/13/21,0:38:45,0
HK Apple Watch,9/13/21,1:01:48,9/13/21,1:01:48,0
HK Apple Watch,9/13/21,2:04:26,9/13/21,2:04:26,0
HK Apple Watch,9/13/21,2:49:29,9/13/21,2:49:29,0
HK Apple Watch,9/13/21,1:07:56,9/13/21,1:07:56,0
HK Apple Watch,9/13/21,3:58:16,9/13/21,3:58:16,0
HK Apple Watch,9/13/21,4:40:46,9/13/21,4:40:46,0
HK Apple Watch,9/13/21,5:06:43,9/13/21,5:06:43,0
HK Apple Watch,9/13/21,5:35:44,9/13/21,5:35:44,0
HK Apple Watch,9/13/21,5:43:24,9/13/21,5:43:24,0
HK Apple Watch,9/13/21,5:46:59,9/13/21,5:46:59,0
HK Apple Watch,9/13/21,23:20:28,9/13/21,23:20:28,0
HK Apple Watch,9/13/21,23:24:24,9/13/21,23:24:24,0
HK Apple Watch,9/13/21,23:29:31,9/13/21,23:29:31,0
HK Apple Watch,9/13/21,23:32:56,9/13/21,23:32:56,0
HK Apple Watch,9/13/21,23:41:38,9/13/21,23:41:38,0
HK Apple Watch,9/13/21,23:45:54,9/13/21,23:45:54,0
HK Apple Watch,9/14/21,0:00:04,9/14/21,0:00:04,0
HK Apple Watch,9/13/21,23:51:22,9/13/21,23:51:22,0
HK Apple Watch,9/14/21,0:01:16,9/14/21,0:01:16,0
HK Apple Watch,9/13/21,23:52:13,9/13/21,23:52:13,0
HK Apple Watch,9/14/21,0:05:22,9/14/21,0:05:22,0
HK Apple Watch,9/14/21,0:14:45,9/14/21,0:14:45,0
HK Apple Watch,9/14/21,0:15:57,9/14/21,0:15:57,0
HK Apple Watch,9/14/21,0:26:32,9/14/21,0:26:32,0
HK Apple Watch,9/14/21,0:19:42,9/14/21,0:19:42,0
HK Apple Watch,9/14/21,0:29:36,9/14/21,0:29:36,0
HK Apple Watch,9/14/21,0:44:48,9/14/21,0:44:48,0
HK Apple Watch,9/14/21,0:33:21,9/14/21,0:33:21,0
HK Apple Watch,9/14/21,0:52:18,9/14/21,0:52:18,0
HK Apple Watch,9/14/21,0:54:42,9/14/21,0:54:42,0
HK Apple Watch,9/14/21,1:03:34,9/14/21,1:03:34,0
HK Apple Watch,9/14/21,1:00:40,9/14/21,1:00:40,0
HK Apple Watch,9/14/21,0:57:15,9/14/21,0:57:15,0
HK Apple Watch,9/14/21,1:10:44,9/14/21,1:10:44,0
HK Apple Watch,9/14/21,3:02:12,9/14/21,3:02:12,0
HK Apple Watch,9/14/21,2:54:21,9/14/21,2:54:21,0
HK Apple Watch,9/14/21,3:04:15,9/14/21,3:04:15,0
HK Apple Watch,9/14/21,2:51:57,9/14/21,2:51:57,0
HK Apple Watch,9/14/21,3:40:36,9/14/21,3:40:36,0
HK Apple Watch,9/14/21,3:43:00,9/14/21,3:43:00,0
HK Apple Watch,9/14/21,3:51:32,9/14/21,3:51:32,0
HK Apple Watch,9/14/21,4:11:20,9/14/21,4:11:20,0
HK Apple Watch,9/14/21,3:58:32,9/14/21,3:58:32,0
HK Apple Watch,9/14/21,4:16:27,9/14/21,4:16:27,0
HK Apple Watch,9/14/21,4:15:16,9/14/21,4:15:16,0
HK Apple Watch,9/14/21,4:20:33,9/14/21,4:20:33,0
HK Apple Watch,9/14/21,4:24:29,9/14/21,4:24:29,0
HK Apple Watch,9/14/21,4:19:52,9/14/21,4:19:52,0
HK Apple Watch,9/14/21,4:25:30,9/14/21,4:25:30,0
HK Apple Watch,9/14/21,5:05:37,9/14/21,5:05:37,0
HK Apple Watch,9/14/21,5:14:09,9/14/21,5:14:09,0
HK Apple Watch,9/14/21,4:29:46,9/14/21,4:29:46,0
HK Apple Watch,9/14/21,5:00:09,9/14/21,5:00:09,0
HK Apple Watch,9/14/21,5:15:11,9/14/21,5:15:11,0
HK Apple Watch,9/14/21,5:55:48,9/14/21,5:55:48,0
HK Apple Watch,9/14/21,22:15:51,9/14/21,22:15:51,0
HK Apple Watch,9/14/21,22:27:07,9/14/21,22:27:07,0
HK Apple Watch,9/14/21,22:47:15,9/14/21,22:47:15,0
HK Apple Watch,9/14/21,22:48:37,9/14/21,22:48:37,0
HK Apple Watch,9/14/21,22:51:41,9/14/21,22:51:41,0
HK Apple Watch,9/14/21,23:00:44,9/14/21,23:00:44,0
HK Apple Watch,9/14/21,23:09:47,9/14/21,23:09:47,0
HK Apple Watch,9/14/21,23:11:19,9/14/21,23:11:19,0
HK Apple Watch,9/14/21,23:18:19,9/14/21,23:18:19,0
HK Apple Watch,9/14/21,23:19:31,9/14/21,23:19:31,0
HK Apple Watch,9/14/21,23:23:57,9/14/21,23:23:57,0
HK Apple Watch,9/14/21,23:21:34,9/14/21,23:21:34,0
HK Apple Watch,9/14/21,23:29:25,9/14/21,23:29:25,0
HK Apple Watch,9/14/21,23:41:22,9/14/21,23:41:22,0
HK Apple Watch,9/14/21,23:27:22,9/14/21,23:27:22,0
HK Apple Watch,9/15/21,0:43:19,9/15/21,0:43:19,0
HK Apple Watch,9/14/21,23:58:57,9/14/21,23:58:57,0
HK Apple Watch,9/15/21,1:16:46,9/15/21,1:16:46,0
HK Apple Watch,9/15/21,0:16:52,9/15/21,0:16:52,0
HK Apple Watch,9/15/21,1:29:14,9/15/21,1:29:14,0
HK Apple Watch,9/15/21,2:00:28,9/15/21,2:00:28,0
HK Apple Watch,9/15/21,1:52:37,9/15/21,1:52:37,0
HK Apple Watch,9/15/21,2:03:53,9/15/21,2:03:53,0
HK Apple Watch,9/15/21,3:21:22,9/15/21,3:21:22,0
HK Apple Watch,9/15/21,3:50:34,9/15/21,3:50:34,0
HK Apple Watch,9/15/21,3:55:20,9/15/21,3:55:20,0
HK Apple Watch,9/15/21,5:42:32,9/15/21,5:42:32,0
HK Apple Watch,9/15/21,4:20:16,9/15/21,4:20:16,0
HK Apple Watch,9/15/21,5:57:13,9/15/21,5:57:13,0
HK Apple Watch,9/15/21,5:48:10,9/15/21,5:48:10,0
HK Apple Watch,9/15/21,22:12:47,9/15/21,22:12:47,0
HK Apple Watch,9/15/21,22:26:46,9/15/21,22:26:46,0
HK Apple Watch,9/15/21,22:14:49,9/15/21,22:14:49,0
HK Apple Watch,9/15/21,22:31:02,9/15/21,22:31:02,0
HK Apple Watch,9/15/21,22:40:46,9/15/21,22:40:46,0
HK Apple Watch,9/15/21,22:34:58,9/15/21,22:34:58,0
HK Apple Watch,9/15/21,22:48:58,9/15/21,22:48:58,0
HK Apple Watch,9/15/21,22:51:11,9/15/21,22:51:11,0
HK Apple Watch,9/15/21,22:52:12,9/15/21,22:52:12,0
HK Apple Watch,9/15/21,23:01:15,9/15/21,23:01:15,0
HK Apple Watch,9/15/21,22:53:24,9/15/21,22:53:24,0
HK Apple Watch,9/15/21,23:02:27,9/15/21,23:02:27,0
HK Apple Watch,9/15/21,23:09:06,9/15/21,23:09:06,0
HK Apple Watch,9/15/21,23:18:29,9/15/21,23:18:29,0
HK Apple Watch,9/15/21,23:28:03,9/15/21,23:28:03,0
HK Apple Watch,9/15/21,23:15:56,9/15/21,23:15:56,0
HK Apple Watch,9/15/21,23:31:38,9/15/21,23:31:38,0
HK Apple Watch,9/15/21,23:32:49,9/15/21,23:32:49,0
HK Apple Watch,9/16/21,0:08:40,9/16/21,0:08:40,0
HK Apple Watch,9/16/21,0:28:38,9/16/21,0:28:38,0
HK Apple Watch,9/16/21,0:12:25,9/16/21,0:12:25,0
HK Apple Watch,9/15/21,23:22:04,9/15/21,23:22:04,0
HK Apple Watch,9/16/21,0:34:06,9/16/21,0:34:06,0
HK Apple Watch,9/16/21,1:06:21,9/16/21,1:06:21,0
HK Apple Watch,9/16/21,1:00:43,9/16/21,1:00:43,0
HK Apple Watch,9/16/21,1:27:31,9/16/21,1:27:31,0
HK Apple Watch,9/16/21,1:29:44,9/16/21,1:29:44,0
HK Apple Watch,9/16/21,2:00:07,9/16/21,2:00:07,0
HK Apple Watch,9/16/21,2:19:55,9/16/21,2:19:55,0
HK Apple Watch,9/16/21,2:25:23,9/16/21,2:25:23,0
HK Apple Watch,9/16/21,2:06:26,9/16/21,2:06:26,0
HK Apple Watch,9/16/21,2:38:52,9/16/21,2:38:52,0
HK Apple Watch,9/16/21,2:43:59,9/16/21,2:43:59,0
HK Apple Watch,9/16/21,2:49:07,9/16/21,2:49:07,0
HK Apple Watch,9/16/21,3:20:21,9/16/21,3:20:21,0
HK Apple Watch,9/16/21,2:59:11,9/16/21,2:59:11,0
HK Apple Watch,9/16/21,2:45:11,9/16/21,2:45:11,0
HK Apple Watch,9/16/21,4:04:13,9/16/21,4:04:13,0
HK Apple Watch,9/16/21,3:52:16,9/16/21,3:52:16,0
HK Apple Watch,9/16/21,4:16:00,9/16/21,4:16:00,0
HK Apple Watch,9/16/21,4:11:13,9/16/21,4:11:13,0
HK Apple Watch,9/16/21,4:20:05,9/16/21,4:20:05,0
HK Apple Watch,9/16/21,5:54:49,9/16/21,5:54:49,0
HK Apple Watch,9/16/21,5:45:26,9/16/21,5:45:26,0
HK Apple Watch,9/16/21,5:49:21,9/16/21,5:49:21,0
HK Apple Watch,9/16/21,5:58:34,9/16/21,5:58:34,0
HK Apple Watch,9/16/21,22:46:34,9/16/21,22:46:34,0
HK Apple Watch,9/16/21,22:44:10,9/16/21,22:44:10,0
HK Apple Watch,9/16/21,22:53:03,9/16/21,22:53:03,0
HK Apple Watch,9/16/21,23:10:38,9/16/21,23:10:38,0
HK Apple Watch,9/16/21,23:37:26,9/16/21,23:37:26,0
HK Apple Watch,9/16/21,23:40:41,9/16/21,23:40:41,0
HK Apple Watch,9/16/21,23:28:13,9/16/21,23:28:13,0
HK Apple Watch,9/16/21,23:43:14,9/16/21,23:43:14,0
HK Apple Watch,9/16/21,23:18:29,9/16/21,23:18:29,0
HK Apple Watch,9/16/21,23:47:51,9/16/21,23:47:51,0
HK Apple Watch,9/16/21,23:56:23,9/16/21,23:56:23,0
HK Apple Watch,9/16/21,23:50:45,9/16/21,23:50:45,0
HK Apple Watch,9/16/21,23:44:47,9/16/21,23:44:47,0
HK Apple Watch,9/16/21,23:58:57,9/16/21,23:58:57,0
HK Apple Watch,9/17/21,1:23:36,9/17/21,1:23:36,0
HK Apple Watch,9/17/21,1:40:20,9/17/21,1:40:20,0
HK Apple Watch,9/17/21,2:12:15,9/17/21,2:12:15,0
HK Apple Watch,9/17/21,2:34:06,9/17/21,2:34:06,0
HK Apple Watch,9/17/21,2:40:46,9/17/21,2:40:46,0
HK Apple Watch,9/17/21,2:45:43,9/17/21,2:45:43,0
HK Apple Watch,9/17/21,2:55:26,9/17/21,2:55:26,0
HK Apple Watch,9/17/21,2:43:50,9/17/21,2:43:50,0
HK Apple Watch,9/17/21,3:02:47,9/17/21,3:02:47,0
HK Apple Watch,9/17/21,2:54:15,9/17/21,2:54:15,0
HK Apple Watch,9/17/21,3:07:34,9/17/21,3:07:34,0
HK Apple Watch,9/17/21,3:18:39,9/17/21,3:18:39,0
HK Apple Watch,9/17/21,3:19:41,9/17/21,3:19:41,0
HK Apple Watch,9/17/21,3:10:07,9/17/21,3:10:07,0
HK Apple Watch,9/17/21,3:16:47,9/17/21,3:16:47,0
HK Apple Watch,9/17/21,3:22:45,9/17/21,3:22:45,0
HK Apple Watch,9/17/21,3:31:07,9/17/21,3:31:07,0
HK Apple Watch,9/17/21,3:32:09,9/17/21,3:32:09,0
HK Apple Watch,9/17/21,3:51:05,9/17/21,3:51:05,0
HK Apple Watch,9/17/21,3:52:17,9/17/21,3:52:17,0
HK Apple Watch,9/17/21,4:11:34,9/17/21,4:11:34,0
HK Apple Watch,9/17/21,3:34:42,9/17/21,3:34:42,0
HK Apple Watch,9/17/21,4:19:15,9/17/21,4:19:15,0
HK Apple Watch,9/17/21,4:16:21,9/17/21,4:16:21,0
HK Apple Watch,9/17/21,4:20:27,9/17/21,4:20:27,0
HK Apple Watch,9/17/21,4:37:52,9/17/21,4:37:52,0
HK Apple Watch,9/17/21,4:40:46,9/17/21,4:40:46,0
HK Apple Watch,9/17/21,4:25:14,9/17/21,4:25:14,0
HK Apple Watch,9/17/21,4:43:40,9/17/21,4:43:40,0
HK Apple Watch,9/17/21,5:43:55,9/17/21,5:43:55,0
HK Apple Watch,9/17/21,5:42:54,9/17/21,5:42:54,0
HK Apple Watch,9/17/21,5:14:34,9/17/21,5:14:34,0
HK Apple Watch,9/17/21,22:28:46,9/17/21,22:28:46,0
HK Apple Watch,9/17/21,22:11:51,9/17/21,22:11:51,0
HK Apple Watch,9/18/21,0:13:06,9/18/21,0:13:06,0
HK Apple Watch,9/18/21,0:14:08,9/18/21,0:14:08,0
HK Apple Watch,9/18/21,0:32:34,9/18/21,0:32:34,0
HK Apple Watch,9/18/21,0:53:55,9/18/21,0:53:55,0
HK Apple Watch,9/18/21,1:08:56,9/18/21,1:08:56,0
HK Apple Watch,9/18/21,0:57:20,9/18/21,0:57:20,0
HK Apple Watch,9/18/21,1:39:30,9/18/21,1:39:30,0
HK Apple Watch,9/18/21,1:36:36,9/18/21,1:36:36,0
HK Apple Watch,9/18/21,1:48:43,9/18/21,1:48:43,0
HK Apple Watch,9/18/21,1:46:09,9/18/21,1:46:09,0
HK Apple Watch,9/18/21,1:56:44,9/18/21,1:56:44,0
HK Apple Watch,9/18/21,1:51:27,9/18/21,1:51:27,0
HK Apple Watch,9/18/21,1:59:08,9/18/21,1:59:08,0
HK Apple Watch,9/18/21,2:31:54,9/18/21,2:31:54,0
HK Apple Watch,9/18/21,2:40:27,9/18/21,2:40:27,0
HK Apple Watch,9/18/21,2:34:18,9/18/21,2:34:18,0
HK Apple Watch,9/18/21,2:59:03,9/18/21,2:59:03,0
HK Apple Watch,9/18/21,4:09:54,9/18/21,4:09:54,0
HK Apple Watch,9/18/21,4:19:07,9/18/21,4:19:07,0
HK Apple Watch,9/18/21,5:24:09,9/18/21,5:24:09,0
HK Apple Watch,9/18/21,5:28:55,9/18/21,5:28:55,0
HK Apple Watch,9/18/21,5:43:06,9/18/21,5:43:06,0
HK Apple Watch,9/20/21,22:00:55,9/20/21,22:00:55,0
HK Apple Watch,9/20/21,22:02:37,9/20/21,22:02:37,0
HK Apple Watch,9/20/21,22:25:34,9/20/21,22:25:34,0
HK Apple Watch,9/20/21,22:30:22,9/20/21,22:30:22,0
HK Apple Watch,9/20/21,22:42:42,9/20/21,22:42:42,0
HK Apple Watch,9/20/21,22:34:39,9/20/21,22:34:39,0
HK Apple Watch,9/20/21,22:47:51,9/20/21,22:47:51,0
HK Apple Watch,9/20/21,22:32:56,9/20/21,22:32:56,0
HK Apple Watch,9/20/21,22:57:06,9/20/21,22:57:06,0
HK Apple Watch,9/20/21,23:23:39,9/20/21,23:23:39,0
HK Apple Watch,9/20/21,23:28:26,9/20/21,23:28:26,0
HK Apple Watch,9/21/21,0:34:24,9/21/21,0:34:24,0
HK Apple Watch,9/21/21,0:21:22,9/21/21,0:21:22,0
HK Apple Watch,9/21/21,0:46:33,9/21/21,0:46:33,0
HK Apple Watch,9/21/21,0:41:35,9/21/21,0:41:35,0
HK Apple Watch,9/21/21,1:04:33,9/21/21,1:04:33,0
HK Apple Watch,9/21/21,0:36:47,9/21/21,0:36:47,0
HK Apple Watch,9/21/21,1:01:38,9/21/21,1:01:38,0
HK Apple Watch,9/21/21,0:51:21,9/21/21,0:51:21,0
HK Apple Watch,9/21/21,1:37:36,9/21/21,1:37:36,0
HK Apple Watch,9/21/21,1:41:12,9/21/21,1:41:12,0
HK Apple Watch,9/21/21,1:58:30,9/21/21,1:58:30,0
HK Apple Watch,9/21/21,1:48:55,9/21/21,1:48:55,0
HK Apple Watch,9/21/21,2:05:01,9/21/21,2:05:01,0
HK Apple Watch,9/21/21,2:38:46,9/21/21,2:38:46,0
HK Apple Watch,9/21/21,2:11:42,9/21/21,2:11:42,0
HK Apple Watch,9/21/21,2:46:59,9/21/21,2:46:59,0
HK Apple Watch,9/21/21,2:49:12,9/21/21,2:49:12,0
HK Apple Watch,9/21/21,2:53:19,9/21/21,2:53:19,0
HK Apple Watch,9/21/21,3:03:05,9/21/21,3:03:05,0
HK Apple Watch,9/21/21,3:10:17,9/21/21,3:10:17,0
HK Apple Watch,9/21/21,3:12:40,9/21/21,3:12:40,0
HK Apple Watch,9/21/21,3:12:51,9/21/21,3:12:51,0
HK Apple Watch,9/21/21,3:15:35,9/21/21,3:15:35,0
HK Apple Watch,9/21/21,3:17:38,9/21/21,3:17:38,0
HK Apple Watch,9/21/21,3:16:06,9/21/21,3:16:06,0
HK Apple Watch,9/21/21,3:18:50,9/21/21,3:18:50,0
HK Apple Watch,9/21/21,3:20:33,9/21/21,3:20:33,0
HK Apple Watch,9/21/21,3:19:42,9/21/21,3:19:42,0
HK Apple Watch,9/21/21,3:21:35,9/21/21,3:21:35,0
HK Apple Watch,9/21/21,3:24:09,9/21/21,3:24:09,0
HK Apple Watch,9/21/21,4:10:34,9/21/21,4:10:34,0
HK Apple Watch,9/21/21,3:40:25,9/21/21,3:40:25,0
HK Apple Watch,9/21/21,4:54:14,9/21/21,4:54:14,0
HK Apple Watch,9/21/21,4:11:46,9/21/21,4:11:46,0
HK Apple Watch,9/21/21,4:14:41,9/21/21,4:14:41,0
HK Apple Watch,9/21/21,5:04:52,9/21/21,5:04:52,0
HK Apple Watch,9/21/21,5:06:55,9/21/21,5:06:55,0
HK Apple Watch,9/21/21,5:11:43,9/21/21,5:11:43,0
HK Apple Watch,9/21/21,5:07:05,9/21/21,5:07:05,0
HK Apple Watch,9/21/21,5:16:20,9/21/21,5:16:20,0
HK Apple Watch,9/21/21,5:17:32,9/21/21,5:17:32,0
HK Apple Watch,9/21/21,5:22:40,9/21/21,5:22:40,0
HK Apple Watch,9/21/21,5:34:19,9/21/21,5:34:19,0
HK Apple Watch,9/21/21,5:26:47,9/21/21,5:26:47,0
HK Apple Watch,9/21/21,5:48:22,9/21/21,5:48:22,0
HK Apple Watch,9/21/21,5:56:25,9/21/21,5:56:25,0
HK Apple Watch,9/21/21,22:01:06,9/21/21,22:01:06,0
HK Apple Watch,9/21/21,22:05:43,9/21/21,22:05:43,0
HK Apple Watch,9/21/21,22:04:42,9/21/21,22:04:42,0
HK Apple Watch,9/21/21,22:06:45,9/21/21,22:06:45,0
HK Apple Watch,9/21/21,22:07:47,9/21/21,22:07:47,0
HK Apple Watch,9/21/21,22:22:00,9/21/21,22:22:00,0
HK Apple Watch,9/21/21,22:44:36,9/21/21,22:44:36,0
HK Apple Watch,9/21/21,22:32:06,9/21/21,22:32:06,0
HK Apple Watch,9/21/21,22:54:22,9/21/21,22:54:22,0
HK Apple Watch,9/21/21,23:24:00,9/21/21,23:24:00,0
HK Apple Watch,9/21/21,23:10:59,9/21/21,23:10:59,0
HK Apple Watch,9/21/21,23:21:16,9/21/21,23:21:16,0
HK Apple Watch,9/21/21,23:30:31,9/21/21,23:30:31,0
HK Apple Watch,9/21/21,23:47:08,9/21/21,23:47:08,0
HK Apple Watch,9/21/21,23:27:05,9/21/21,23:27:05,0
HK Apple Watch,9/21/21,23:51:25,9/21/21,23:51:25,0
HK Apple Watch,9/21/21,23:43:21,9/21/21,23:43:21,0
HK Apple Watch,9/21/21,23:53:07,9/21/21,23:53:07,0
HK Apple Watch,9/21/21,23:52:36,9/21/21,23:52:36,0
HK Apple Watch,9/22/21,0:52:54,9/22/21,0:52:54,0
HK Apple Watch,9/22/21,0:54:48,9/22/21,0:54:48,0
HK Apple Watch,9/22/21,1:09:52,9/22/21,1:09:52,0
HK Apple Watch,9/22/21,1:17:55,9/22/21,1:17:55,0
HK Apple Watch,9/22/21,1:18:05,9/22/21,1:18:05,0
HK Apple Watch,9/22/21,1:22:12,9/22/21,1:22:12,0
HK Apple Watch,9/22/21,3:16:28,9/22/21,3:16:28,0
HK Apple Watch,9/22/21,3:48:30,9/22/21,3:48:30,0
HK Apple Watch,9/22/21,1:47:54,9/22/21,1:47:54,0
HK Apple Watch,9/22/21,4:11:58,9/22/21,4:11:58,0
HK Apple Watch,9/22/21,3:59:38,9/22/21,3:59:38,0
HK Apple Watch,9/22/21,4:09:55,9/22/21,4:09:55,0
HK Apple Watch,9/22/21,4:13:10,9/22/21,4:13:10,0
HK Apple Watch,9/22/21,5:06:57,9/22/21,5:06:57,0
HK Apple Watch,9/22/21,5:10:23,9/22/21,5:10:23,0
HK Apple Watch,9/22/21,5:36:56,9/22/21,5:36:56,0
HK Apple Watch,9/22/21,5:24:46,9/22/21,5:24:46,0
HK Apple Watch,9/22/21,5:39:20,9/22/21,5:39:20,0
HK Apple Watch,9/22/21,22:14:41,9/22/21,22:14:41,0
HK Apple Watch,9/22/21,22:13:29,9/22/21,22:13:29,0
HK Apple Watch,9/22/21,22:17:56,9/22/21,22:17:56,0
HK Apple Watch,9/22/21,22:12:06,9/22/21,22:12:06,0
HK Apple Watch,9/22/21,22:19:08,9/22/21,22:19:08,0
HK Apple Watch,9/22/21,22:21:01,9/22/21,22:21:01,0
HK Apple Watch,9/22/21,22:27:42,9/22/21,22:27:42,0
HK Apple Watch,9/22/21,22:27:31,9/22/21,22:27:31,0
HK Apple Watch,9/22/21,22:30:47,9/22/21,22:30:47,0
HK Apple Watch,9/22/21,22:32:09,9/22/21,22:32:09,0
HK Apple Watch,9/22/21,22:59:44,9/22/21,22:59:44,0
HK Apple Watch,9/22/21,23:06:25,9/22/21,23:06:25,0
HK Apple Watch,9/22/21,22:37:28,9/22/21,22:37:28,0
HK Apple Watch,9/22/21,23:09:30,9/22/21,23:09:30,0
HK Apple Watch,9/22/21,23:13:46,9/22/21,23:13:46,0
HK Apple Watch,9/22/21,23:33:39,9/22/21,23:33:39,0
HK Apple Watch,9/22/21,23:19:26,9/22/21,23:19:26,0
HK Apple Watch,9/22/21,23:37:25,9/22/21,23:37:25,0
HK Apple Watch,9/23/21,0:08:25,9/23/21,0:08:25,0
HK Apple Watch,9/23/21,0:12:52,9/23/21,0:12:52,0
HK Apple Watch,9/23/21,0:47:59,9/23/21,0:47:59,0
HK Apple Watch,9/23/21,1:28:55,9/23/21,1:28:55,0
HK Apple Watch,9/23/21,2:13:48,9/23/21,2:13:48,0
HK Apple Watch,9/23/21,2:25:17,9/23/21,2:25:17,0
HK Apple Watch,9/23/21,0:23:09,9/23/21,0:23:09,0
HK Apple Watch,9/23/21,2:54:34,9/23/21,2:54:34,0
HK Apple Watch,9/23/21,2:45:50,9/23/21,2:45:50,0
HK Apple Watch,9/23/21,2:28:22,9/23/21,2:28:22,0
HK Apple Watch,9/23/21,3:00:45,9/23/21,3:00:45,0
HK Apple Watch,9/23/21,3:22:50,9/23/21,3:22:50,0
HK Apple Watch,9/23/21,3:29:00,9/23/21,3:29:00,0
HK Apple Watch,9/23/21,3:36:12,9/23/21,3:36:12,0
HK Apple Watch,9/23/21,3:14:16,9/23/21,3:14:16,0
HK Apple Watch,9/23/21,4:36:40,9/23/21,4:36:40,0
HK Apple Watch,9/23/21,5:00:39,9/23/21,5:00:39,0
HK Apple Watch,9/23/21,5:07:41,9/23/21,5:07:41,0
HK Apple Watch,9/23/21,5:24:07,9/23/21,5:24:07,0
HK Apple Watch,9/23/21,5:26:11,9/23/21,5:26:11,0
HK Apple Watch,9/23/21,5:37:50,9/23/21,5:37:50,0
HK Apple Watch,9/23/21,5:29:36,9/23/21,5:29:36,0
HK Apple Watch,9/23/21,5:57:42,9/23/21,5:57:42,0
HK Apple Watch,9/23/21,4:18:00,9/23/21,4:18:00,0
HK Apple Watch,9/23/21,22:33:09,9/23/21,22:33:09,0
HK Apple Watch,9/23/21,23:26:14,9/23/21,23:26:14,0
HK Apple Watch,9/24/21,0:00:02,9/24/21,0:00:02,0
HK Apple Watch,9/23/21,22:37:56,9/23/21,22:37:56,0
HK Apple Watch,9/24/21,0:50:02,9/24/21,0:50:02,0
HK Apple Watch,9/23/21,22:56:11,9/23/21,22:56:11,0
HK Apple Watch,9/24/21,1:01:59,9/24/21,1:01:59,0
HK Apple Watch,9/24/21,0:42:21,9/24/21,0:42:21,0
HK Apple Watch,9/24/21,1:19:03,9/24/21,1:19:03,0
HK Apple Watch,9/24/21,1:13:05,9/24/21,1:13:05,0
HK Apple Watch,9/24/21,1:20:15,9/24/21,1:20:15,0
HK Apple Watch,9/24/21,1:19:14,9/24/21,1:19:14,0
HK Apple Watch,9/24/21,2:01:44,9/24/21,2:01:44,0
HK Apple Watch,9/24/21,3:23:30,9/24/21,3:23:30,0
HK Apple Watch,9/24/21,3:41:15,9/24/21,3:41:15,0
HK Apple Watch,9/24/21,3:39:02,9/24/21,3:39:02,0
HK Apple Watch,9/24/21,3:51:19,9/24/21,3:51:19,0
HK Apple Watch,9/24/21,3:52:31,9/24/21,3:52:31,0
HK Apple Watch,9/24/21,3:56:57,9/24/21,3:56:57,0
HK Apple Watch,9/24/21,4:07:11,9/24/21,4:07:11,0
HK Apple Watch,9/24/21,4:10:26,9/24/21,4:10:26,0
HK Apple Watch,9/24/21,4:34:40,9/24/21,4:34:40,0
HK Apple Watch,9/24/21,5:41:04,9/24/21,5:41:04,0
HK Apple Watch,9/24/21,5:11:43,9/24/21,5:11:43,0
HK Apple Watch,9/24/21,5:51:39,9/24/21,5:51:39,0
HK Apple Watch,9/24/21,3:34:35,9/24/21,3:34:35,0
HK Apple Watch,9/24/21,5:58:49,9/24/21,5:58:49,0
HK Apple Watch,9/27/21,22:12:31,9/27/21,22:12:31,0
HK Apple Watch,9/27/21,22:10:38,9/27/21,22:10:38,0
HK Apple Watch,9/27/21,23:10:33,9/27/21,23:10:33,0
HK Apple Watch,9/27/21,23:48:16,9/27/21,23:48:16,0
HK Apple Watch,9/27/21,23:16:41,9/27/21,23:16:41,0
HK Apple Watch,9/27/21,23:41:37,9/27/21,23:41:37,0
HK Apple Watch,9/27/21,23:49:59,9/27/21,23:49:59,0
HK Apple Watch,9/27/21,23:51:10,9/27/21,23:51:10,0
HK Apple Watch,9/27/21,23:54:45,9/27/21,23:54:45,0
HK Apple Watch,9/28/21,0:05:20,9/28/21,0:05:20,0
HK Apple Watch,9/28/21,0:24:58,9/28/21,0:24:58,0
HK Apple Watch,9/28/21,0:12:30,9/28/21,0:12:30,0
HK Apple Watch,9/28/21,1:27:37,9/28/21,1:27:37,0
HK Apple Watch,9/28/21,0:16:26,9/28/21,0:16:26,0
HK Apple Watch,9/28/21,1:47:15,9/28/21,1:47:15,0
HK Apple Watch,9/28/21,1:55:47,9/28/21,1:55:47,0
HK Apple Watch,9/28/21,2:08:15,9/28/21,2:08:15,0
HK Apple Watch,9/28/21,2:25:39,9/28/21,2:25:39,0
HK Apple Watch,9/28/21,3:24:02,9/28/21,3:24:02,0
HK Apple Watch,9/28/21,2:24:07,9/28/21,2:24:07,0
HK Apple Watch,9/28/21,3:43:19,9/28/21,3:43:19,0
HK Apple Watch,9/28/21,4:43:55,9/28/21,4:43:55,0
HK Apple Watch,9/28/21,2:34:32,9/28/21,2:34:32,0
HK Apple Watch,9/28/21,4:35:33,9/28/21,4:35:33,0
HK Apple Watch,9/28/21,5:08:30,9/28/21,5:08:30,0
HK Apple Watch,9/30/21,22:03:38,9/30/21,22:03:38,0
HK Apple Watch,9/30/21,22:31:13,9/30/21,22:31:13,0
HK Apple Watch,9/30/21,22:34:08,9/30/21,22:34:08,0
HK Apple Watch,9/30/21,22:06:54,9/30/21,22:06:54,0
HK Apple Watch,9/30/21,22:48:41,9/30/21,22:48:41,0
HK Apple Watch,9/30/21,22:39:06,9/30/21,22:39:06,0
HK Apple Watch,9/30/21,23:02:13,9/30/21,23:02:13,0
HK Apple Watch,9/30/21,23:03:15,9/30/21,23:03:15,0
HK Apple Watch,9/30/21,22:54:31,9/30/21,22:54:31,0
HK Apple Watch,9/30/21,23:07:22,9/30/21,23:07:22,0
HK Apple Watch,10/1/21,0:49:50,10/1/21,0:49:50,0
HK Apple Watch,10/1/21,0:46:35,10/1/21,0:46:35,0
HK Apple Watch,9/30/21,22:53:19,9/30/21,22:53:19,0
HK Apple Watch,10/1/21,1:06:47,10/1/21,1:06:47,0
HK Apple Watch,10/1/21,1:01:49,10/1/21,1:01:49,0
HK Apple Watch,10/1/21,1:13:49,10/1/21,1:13:49,0
HK Apple Watch,10/1/21,1:20:40,10/1/21,1:20:40,0
HK Apple Watch,10/1/21,1:27:52,10/1/21,1:27:52,0
HK Apple Watch,10/1/21,1:13:39,10/1/21,1:13:39,0
HK Apple Watch,10/1/21,1:35:34,10/1/21,1:35:34,0
HK Apple Watch,10/1/21,1:37:37,10/1/21,1:37:37,0
HK Apple Watch,10/1/21,1:31:38,10/1/21,1:31:38,0
HK Apple Watch,10/1/21,1:38:49,10/1/21,1:38:49,0
HK Apple Watch,10/1/21,1:47:44,10/1/21,1:47:44,0
HK Apple Watch,10/1/21,1:49:57,10/1/21,1:49:57,0
HK Apple Watch,10/1/21,2:00:35,10/1/21,2:00:35,0
HK Apple Watch,10/1/21,1:53:33,10/1/21,1:53:33,0
HK Apple Watch,10/1/21,1:46:32,10/1/21,1:46:32,0
HK Apple Watch,10/1/21,2:10:51,10/1/21,2:10:51,0
HK Apple Watch,10/1/21,2:04:52,10/1/21,2:04:52,0
HK Apple Watch,10/1/21,3:06:32,10/1/21,3:06:32,0
HK Apple Watch,10/1/21,3:46:16,10/1/21,3:46:16,0
HK Apple Watch,10/1/21,5:15:21,10/1/21,5:15:21,0
HK Apple Watch,10/1/21,5:35:24,10/1/21,5:35:24,0
HK Apple Watch,10/1/21,4:16:25,10/1/21,4:16:25,0
HK Apple Watch,10/1/21,5:57:30,10/1/21,5:57:30,0
HK Apple Watch,10/1/21,5:48:35,10/1/21,5:48:35,0
HK Apple Watch,10/1/21,22:07:50,10/1/21,22:07:50,0
HK Apple Watch,10/1/21,22:06:38,10/1/21,22:06:38,0
HK Apple Watch,10/1/21,22:00:30,10/1/21,22:00:30,0
HK Apple Watch,10/1/21,22:13:28,10/1/21,22:13:28,0
HK Apple Watch,10/1/21,22:31:44,10/1/21,22:31:44,0
HK Apple Watch,10/1/21,22:33:36,10/1/21,22:33:36,0
HK Apple Watch,10/1/21,22:32:35,10/1/21,22:32:35,0
HK Apple Watch,10/1/21,22:54:26,10/1/21,22:54:26,0
HK Apple Watch,10/1/21,22:57:10,10/1/21,22:57:10,0
HK Apple Watch,10/1/21,23:02:07,10/1/21,23:02:07,0
HK Apple Watch,10/1/21,23:19:21,10/1/21,23:19:21,0
HK Apple Watch,10/1/21,23:36:05,10/1/21,23:36:05,0
HK Apple Watch,10/1/21,23:50:15,10/1/21,23:50:15,0
HK Apple Watch,10/1/21,23:51:17,10/1/21,23:51:17,0
HK Apple Watch,10/1/21,23:38:59,10/1/21,23:38:59,0
HK Apple Watch,10/1/21,23:52:18,10/1/21,23:52:18,0
HK Apple Watch,10/1/21,23:57:56,10/1/21,23:57:56,0
HK Apple Watch,10/2/21,0:09:12,10/2/21,0:09:12,0
HK Apple Watch,10/2/21,0:05:47,10/2/21,0:05:47,0
HK Apple Watch,10/2/21,0:21:30,10/2/21,0:21:30,0
HK Apple Watch,10/2/21,0:40:26,10/2/21,0:40:26,0
HK Apple Watch,10/2/21,0:27:28,10/2/21,0:27:28,0
HK Apple Watch,10/2/21,1:43:36,10/2/21,1:43:36,0
HK Apple Watch,10/2/21,1:48:44,10/2/21,1:48:44,0
HK Apple Watch,10/2/21,1:49:25,10/2/21,1:49:25,0
HK Apple Watch,10/2/21,2:00:30,10/2/21,2:00:30,0
HK Apple Watch,10/2/21,2:14:10,10/2/21,2:14:10,0
HK Apple Watch,10/2/21,4:14:30,10/2/21,4:14:30,0
HK Apple Watch,10/2/21,4:08:01,10/2/21,4:08:01,0
HK Apple Watch,10/2/21,2:54:06,10/2/21,2:54:06,0
HK Apple Watch,10/2/21,5:12:32,10/2/21,5:12:32,0
HK Apple Watch,10/2/21,5:28:35,10/2/21,5:28:35,0
HK Apple Watch,10/2/21,5:29:06,10/2/21,5:29:06,0
HK Apple Watch,10/2/21,5:43:47,10/2/21,5:43:47,0
HK Apple Watch,10/2/21,5:47:11,10/2/21,5:47:11,0
HK Apple Watch,10/5/21,0:59:57,10/5/21,0:59:57,0
HK Apple Watch,10/4/21,22:01:48,10/4/21,22:01:48,0
HK Apple Watch,10/5/21,1:07:29,10/5/21,1:07:29,0
HK Apple Watch,10/5/21,1:56:59,10/5/21,1:56:59,0
HK Apple Watch,10/5/21,1:59:23,10/5/21,1:59:23,0
HK Apple Watch,10/5/21,1:58:11,10/5/21,1:58:11,0
HK Apple Watch,10/5/21,2:21:19,10/5/21,2:21:19,0
HK Apple Watch,10/5/21,2:07:57,10/5/21,2:07:57,0
HK Apple Watch,10/5/21,2:35:21,10/5/21,2:35:21,0
HK Apple Watch,10/5/21,2:50:05,10/5/21,2:50:05,0
HK Apple Watch,10/5/21,2:56:56,10/5/21,2:56:56,0
HK Apple Watch,10/5/21,2:32:57,10/5/21,2:32:57,0
HK Apple Watch,10/5/21,3:36:30,10/5/21,3:36:30,0
HK Apple Watch,10/5/21,3:46:47,10/5/21,3:46:47,0
HK Apple Watch,10/5/21,3:04:59,10/5/21,3:04:59,0
HK Apple Watch,10/5/21,4:10:56,10/5/21,4:10:56,0
HK Apple Watch,10/5/21,5:09:42,10/5/21,5:09:42,0
HK Apple Watch,10/5/21,4:33:23,10/5/21,4:33:23,0
HK Apple Watch,10/5/21,22:54:00,10/5/21,22:54:00,0
HK Apple Watch,10/5/21,22:33:31,10/5/21,22:33:31,0
HK Apple Watch,10/5/21,22:57:35,10/5/21,22:57:35,0
HK Apple Watch,10/5/21,23:04:25,10/5/21,23:04:25,0
HK Apple Watch,10/5/21,22:58:36,10/5/21,22:58:36,0
HK Apple Watch,10/5/21,23:14:19,10/5/21,23:14:19,0
HK Apple Watch,10/5/21,23:15:41,10/5/21,23:15:41,0
HK Apple Watch,10/5/21,23:07:08,10/5/21,23:07:08,0
HK Apple Watch,10/5/21,23:20:38,10/5/21,23:20:38,0
HK Apple Watch,10/5/21,23:17:54,10/5/21,23:17:54,0
HK Apple Watch,10/5/21,23:45:23,10/5/21,23:45:23,0
HK Apple Watch,10/6/21,0:13:33,10/6/21,0:13:33,0
HK Apple Watch,10/6/21,0:35:54,10/6/21,0:35:54,0
HK Apple Watch,10/6/21,1:08:41,10/6/21,1:08:41,0
HK Apple Watch,10/6/21,0:47:41,10/6/21,0:47:41,0
HK Apple Watch,10/6/21,1:52:23,10/6/21,1:52:23,0
HK Apple Watch,10/6/21,1:47:46,10/6/21,1:47:46,0
HK Apple Watch,10/6/21,1:57:40,10/6/21,1:57:40,0
HK Apple Watch,10/6/21,2:01:05,10/6/21,2:01:05,0
HK Apple Watch,10/6/21,2:02:17,10/6/21,2:02:17,0
HK Apple Watch,10/6/21,4:15:26,10/6/21,4:15:26,0
HK Apple Watch,10/6/21,2:29:56,10/6/21,2:29:56,0
HK Apple Watch,10/6/21,2:54:41,10/6/21,2:54:41,0
HK Apple Watch,10/6/21,4:27:33,10/6/21,4:27:33,0
HK Apple Watch,10/6/21,4:22:15,10/6/21,4:22:15,0
HK Apple Watch,10/6/21,5:15:31,10/6/21,5:15:31,0
HK Apple Watch,10/6/21,5:22:11,10/6/21,5:22:11,0
HK Apple Watch,10/6/21,5:49:29,10/6/21,5:49:29,0
HK Apple Watch,10/6/21,5:54:57,10/6/21,5:54:57,0